{"info_vis_skill":3.3488372093,"stats_skill":4.2558139535,"maths_skill":5.3488372093,"drawing_skill":5.4651162791,"computer_skill":7.2325581395,"programming_skill":5.6976744186,"cg_skill":3.3023255814,"hci_skill":3.9534883721,"user_experience_skill":3.8604651163,"communication_skill":6.976744186,"collaboration_skill":6.7441860465,"code_repository_skill":5.5813953488,"design_skill":4.1569767442,"technical_skill":5.2364341085,"teamwork_skill":6.8604651163}